name,id
A Conjunction of Drones.txt,4a82CKrAXdeHFJPTwEuEm8
A Good Man Is Hard to Find.txt,68KpjEXNsT1QmFWQmmecak
A Loverless Bed.txt,1n042Ui5wm6RLDiC4WsxPx
A Short Reprise.txt,6hfxGStZ4L3IBvRaCqmPQc
A Sun Came.txt,5980njq4EcDGk3JwurnELf
A Winner Needs a Wand.txt,7GgVBFvDcpi42LCdCHwf8e
Abraham.txt,1MAkrBSg1nsFrfcMrQsA5S
Adlai Stevenson.txt,2oj45QG2o4yXHpZi3QRw1P
Age of Adz.txt,5EP2pGo97siLzMjlJnKmNK
Alanson Crooked River.txt,4H4inU9h8Z0DvsQLZyqMjs
All Delighted People Classic Rock.txt,6GfJIXV6PYZMRWakgIlgJL
All Delighted People Original.txt,50QVLS30ELqeJOphx4pWv7
All for Myself.txt,5YprRTdFctf1lNmdDcMNAJ
All Good Naysayers.txt,5SNtjJ6H9bvlxOlHaPOpxJ
All of Me Wants All of You.txt,4lyIHAc8sk6lm9iN5B8nmj
All the Trees.txt,5OjpdQLQNF59wsZx9S9b10
America.txt,34PGaSkDaicC3A4Kfcj6Yk
Arnika.txt,4CTmtjetaC7BeyeQnIiU97
Ativan.txt,6FGwd8ItKHAr8Vysrq84qq
Back to Oz.txt,6s0F09N7jp4wSqN8vVgMQR
Bad Communication.txt,2JYJwhsEoWsYXYr2rpwzxx
Beginners Mind.txt,21RWPwsKElNTKx7Vf03Dfr
Belly Button.txt,71z60sxCObYoNhKhJpRSkt
Blue Bucket of Gold.txt,4rDpP5uHieSTcblNk7wQ2y
Carlyle Lake.txt,1ciAjHCOkv5lFGQ4VdZPkn
Carrie and Lowell.txt,7E9T9Essmxgu98kaOjTVNM
Casimir Pulaski Day.txt,53TIOhzNpRpl8xKdscSQSv
Chicago Acoustic.txt,6tclkDfOgetmI3nE5nY0Xw
Chicago Adult Contemporary.txt,4m8LgF0KpK5i8AJkgAMsr2
Chicago Multiple Personality.txt,5neWPUyerHf5Y9Wlx0GlGl
Chicago.txt,1yupbrI7ROhigIHpQBevPh
Cimmerian Shade.txt,3T7QHzrA7Ox0yPXCq0OXIa
Come On Feel the Illinoise.txt,3vbxQpZdIXJ3oALBd8OyQ6
Concerning the UFO Sighting.txt,2BjRhZ2IJmsO1GRquNldsP
Dear Mr Supercomputer.txt,2ME3G1KulWmkXvL8InZ6Ea
Death Star.txt,07Ts4G3ZZkpIZh0De9UVJt
Death with Dignity.txt,73uJybGAhwGRD9MZYrOmTY
Decatur.txt,5PrrtlnYNokmpECpZtQhVO
Demetrius.txt,0gULfBk2aiLpT8P9qvuiDC
Die Happy.txt,39C1xc4SxSVBLC3xSSYaYu
Djohariah.txt,5Zbus1llDYiPhJZzFeFGwW
Drawn to the Blood.txt,7tL59eSR3yM1iSr4PjmgyX
Dumb I Sound.txt,2VzXB4agZbTLbwYr3IujmY
Enchanting Ghost.txt,2YLSreQAZs2E4VAKPt3vSc
Eugene.txt,7o3Zup0nTRFAFAPKBpS72G
Fictional California.txt,0fwSyDz01EF1AfpYaWPMy0
Flint.txt,3EuqrodGk0CdTcoHuY0ETx
For Clyde Tombaugh.txt,0IYolQSkboQOH7jfS7sqX9
For the Widows in Paradise.txt,1dkHo0hS9KnzlsRSbIjZzi
Fourth of July.txt,5Qnrgqy1pAm9GyNQOgyVFz
From the Mouth of Gabriel.txt,5OJeyZweSMSZ1keNth2D3K
Futile Devices.txt,4Zts9erRexAxILn5XjSwUN
Get Real Get Right.txt,05SU7Yl171rYoI8eeRdWOC
Gilgamesh.txt,1xYsChoY0a2R2jxhk694EY
Godzuki.txt,0OeHjqQXx0vJZxTffHw1bs
Goodby To All That.txt,3cpD9wF4gPv6VPQSz8ZUct
Happy Birthday.txt,1khpgtVkr23mQRSJTlARkp
He Woke Me Up Again.txt,3hv3JRG8PsznCActhPkV1y
Heirloom.txt,3bKXWcC7H2oBGVq73gK5yX
Holland.txt,5LeGT0ziFpK3Skvr6jwIgF
I Walked.txt,68JB7k6iJEydyoc7t8LCqJ
I Want to Be Well.txt,6BBYPK2o0HZC3SbKMxxpuj
Impossible Soul.txt,36KKQqcDQTk4Op0usyqrMS
In the Devils Territory.txt,5lzLedCPBk2A36KQUWEt5P
In This Temple.txt,4AXlxpofniQO0rJrXuc3U5
Inaugural Pop Music.txt,48VWYVzcPOHpmdNlNMsEh0
Its Your Own Body and Mind.txt,6oNmSG8JbMa4jG5UQC5Fr2
Jacksonville.txt,7iYaPj3pAQ3UJrSmYZChYY
Jason.txt,1LNOZQlwe9ibxP1JOZ14G9
John My Beloved.txt,4CB57FBhfhq2q1GHQN7bjm
John Wayne Gacy Jr.txt,2R3g9k14OAcUzZYwo90Tx6
Joy Joy Joy.txt,79g9xGMEUGlwqyoOkOemoN
Kaskaskia River.txt,43oSWop8W4Y1iMcE2zUwPZ
Kill.txt,4Ud6xdDCWwkIrt4KKJ0qQD
Lacrimae.txt,7iXSRIk6sVPFEI5vFsuQg0
Lady Macbeth in Chains.txt,0W2a7Ga9auLPDDPQp11iDO
Lamentations.txt,4cBglmnVPlVFNnsZSfmnkt
Landslide.txt,44GRUcx26sPk7XFXuvPDyn
Leil.txt,0wPTqX8WHvRxFVkDF4hH4J
Lets Hear That String Part Again.txt,6dZms5gdDcCFvfuBzGPRDH
Lost in the World.txt,6Krr6JlPLJ220LT3YI8euT
Make Me an Offer I Cannot Refuse.txt,0HHPxYCQamzuU0TBiwh0qF
Murder and Crime.txt,43flDuyszwqpgsukkqMVea
No Mans Land.txt,5Y7rPRAVYCViT2RpKdSmQY
No Shade in the Shadow of the Cross.txt,55ga87o2ysqBY5pbzTt2eo
Now That Im Older.txt,22RBQ5jqGycGYRSsH1u0qx
Oh Detroit.txt,43ZSSBSW2Y3QcStk1fv2fl
Oh God.txt,6Ah7XNrrfcwNKu7mYIRQvX
Olympus.txt,2eVWzZgYX87QQ7cS9MKnZI
One Last WhooHoo.txt,5bve8lKmi1CafK0olcfU0l
Out of Egypt.txt,3zFy1R0QhiT3YMXTxV0KRd
Pittsfield.txt,3NbK4jO4AcGoOYqRrhpZ4i
Prairie Fire.txt,6VwLJAvYv7oUVKMAvC46sH
Rake Greenpoint version.txt,7vN64TGXJGX8BrTh8pEVya
Rake.txt,18rzoVbCYKsYJji8J0RSeM
Reach Out.txt,2gEuEnvHdyZhRoXQiaoY1Y
Redford.txt,2EL9uWRulB1rcgDmjYMzTO
Rice Pudding.txt,1awK3acbaXI4Wu9BG5giND
Riffs and Variations.txt,0Hq2ZhF4uuDJheQBfsXU4p
Romulus.txt,2woPqHnZek73ZIcozlk0Ig
Run Away with Me.txt,7kPsstvwsVxYKrby6ALwnT
Satans Saxophones.txt,0ZNHmNq4C2AvlN8k3cm8e5
Saul Bellow.txt,7rmeXDg018VHtqqSqSjcFs
Say Yes to Michigan.txt,6XB6kgcztUEYXSfco3O7tL
Seven Swans.txt,6WgpLUTtNab8s8PnMNiKbM
Should Have Known Better.txt,3AyuigFWbuirWHvidbMz8O
Siamese Twins.txt,5FeAseZ7WwpXDdngyEc5VX
Sister.txt,2poh1TC5fsV1gAs1sXGSI6
Size Too Small.txt,2Z3WGXNF3OqaJ3XaAaP10a
Sleeping Bear.txt,3k3IMtLbUJbbkidwX2GVTL
Springfield.txt,6Zos5dNcau0S4lpLeaNgGZ
Sugar.txt,7vKAFo5ONRMjXXAMw3tREX
SuperSexyWoman.txt,3Tn9Lw2AGddyqYNbBNxu07
Tahquamenon Falls.txt,2bbddGVepay96hWxDfn1ty
Tell Me You Love Me.txt,4o5YBAXiY0G1bUloifXQ8H
The Ascension.txt,1YPkNAavCuB1oLUQEJEh8D
The Avalanche.txt,5qQXZq5CIYXLFv5E68UVRO
The Black Hawk War.txt,4LyO99BhEMAyVGe4J5genE
The Dress Looks Nice on You.txt,74DrpM6tAWvcMu6Uxko9xb
The Henney Buggey Band.txt,2y9S9Ciz84vslueCh34cq0
The Man of Metropolis.txt,0kyZp51e1snCfUtDJlXVhq
The Mistress Witch.txt,5DO5ElY0OUfxaV9A4ECAN4
The Only Thing.txt,17UVxL0MYEmKzXppfUL5in
The Oracle Said Wonder.txt,7jvgfps9lEV9HbmuFpG4cJ
The Owl and the Tanager.txt,3h3XDJhX8DSepuztp63NN9
The Palm Sunday Tornado.txt,6MLGLeiYwIAAeM1w4uI49o
The Perpetual Self.txt,6EF1zKdCOwguVADX8xhls6
The Pickup.txt,00CV9Pk9fJ0IJelPNG7MfY
The Pillar of Souls.txt,5v38NxEllVFGW47jtSL1sz
The Predatory Wasp.txt,4wFBbeR03fah9nwy0isyO8
The Seers Tower.txt,4tcxg3xWf4y0V6mTt1VSFo
The Tallest Man.txt,5LLa7Xb6xfRVpRXgjyevvM
The Transfiguration.txt,5rLqoGsShUb6JP0V357KJI
The Undivided Self.txt,3BWcEAhyhoziSArA5IytHo
The Upper Peninsula.txt,2AmS0bH0h8pAbz4BWfCqMz
The Vivian Girls.txt,6f9Xc6zpBSfc38BXTYwX0h
They Also Mourn.txt,0ulyqFO0f6kGM6dLvUx6rf
They are Night Zombies.txt,6pvwYMVs13EJ8jj4LMX0aV
This is the Thing.txt,2bRSTPZ73XbSy1YRXEZRl0
To Be Alone with You.txt,12homE4JpBey5cckgoepR7
To the Workers of the Rock River.txt,4nHnXZfr4IdxYgmYkH8ivZ
Too Much.txt,5WSeS3eCD0dMrMPQ9hk19O
Ursa Major.txt,5qoOrWVRvaomO8nGOIgg6s
Vesuvius.txt,3GWZX3YtldXCdSQqrzGgV5
Video Game.txt,3Q8B1nnUBlJz0VTajyk1IS
Vitos Ordination Song.txt,3FmRQ92fBWRDenV3mtPQEw
We Are What You Say.txt,29Pl7gYtmszCXttbYmV0Yo
We Wont Need Legs to Stand.txt,0pCMp3r2mYkMldyvG4HLZK
Wordsworths Ridge.txt,4mvkc4hBjl8NgYuuYob1kX
You Give Death a Bad Name.txt,4dGjBaiLrrGYGJg8L62n35
Goodbye Evergreen.txt,2GEs9D56FRHqUAEwvlvBpw
A Running Start.txt,0VEjM4LYuOxPCtrtKuwbuq
Will Anybody Ever Love Me.txt,7IAx9OvToHkT8C4ZlX9hwe
Everything That Rises.txt,7fai4Q1FhzPPMLnooY7RM8
Genuflecting Ghost.txt,4Ysl0ybOaEiipH0Sb3A0qy
My Red Little Fox.txt,18R8a3jq3bbda5XX8fol2r
So You Are Tired.txt,0pkm7xATstQUqHoitmE3ru
Javelin To Have And To Hold.txt,1GmMrLzrzfnxdvV4OiMU9s
Shit Talk.txt,6t8aRTXXIcx9JVRD8IRZKR
Theres A World.txt,5x5asE4hey1Y033Vl2UZ94
Goodbye To All That.txt,3cpD9wF4gPv6VPQSz8ZUct
